1,Florette,Dumphy,12507,0.46,fdumphy0@mtv.com
2,Stacy,Danjoie,59174,0.41,sdanjoie1@mozilla.org
3,Maribeth,Brinson,15672,0.64,mbrinson2@pagesperso-orange.fr
4,Emmi,Auden,15640,0.33,eauden3@amazon.com
5,Lizette,Dayment,12645,0.53,ldayment4@netvibes.com
6,Herold,Aleksidze,71953,0.36,haleksidze5@mozilla.com
7,Theadora,Merrywether,51218,0.23,tmerrywether6@webnode.com
8,Clarabelle,Gutman,94945,0.56,cgutman7@prweb.com
9,See,Wrack,34301,0.13,swrack8@stumbleupon.com
10,Pammi,Jonah,21164,0.64,pjonah9@usgs.gov
11,Garvy,Hayer,18277,0.48,ghayera@com.com
12,Roosevelt,Petru,59443,0.89,rpetrub@merriam-webster.com
13,Emelda,Briars,46345,0.74,ebriarsc@hubpages.com
14,Onfroi,Lanfranconi,30392,0.68,olanfranconid@baidu.com
15,Bernardina,Dron,29006,0.45,bdrone@fema.gov
16,Lianna,Crystal,79656,0.34,lcrystalf@biblegateway.com
17,Pia,Negro,52828,0.06,pnegrog@elegantthemes.com
18,Armando,Rudland,73837,0.42,arudlandh@wikimedia.org
19,Dukey,Fellgatt,12795,0.8,dfellgatti@sitemeter.com
20,Loree,Pomroy,59359,0.56,lpomroyj@facebook.com
21,Joelle,Toppin,24013,0.91,jtoppink@state.gov
22,Harri,Rablin,59932,0.34,hrablinl@constantcontact.com
23,Livvie,Sidnall,41180,0.99,lsidnallm@artisteer.com
24,Berti,Johanssen,44840,0.67,bjohanssenn@google.nl
25,Udall,Belson,48156,0.39,ubelsono@hc360.com
26,Atlanta,Langton,79923,0.99,alangtonp@printfriendly.com
27,Glynis,Cabrales,53852,0.83,gcabralesq@cbc.ca
28,Koralle,Di Nisco,56001,0.09,kdiniscor@dell.com
29,Locke,Canedo,45079,0.33,lcanedos@cnet.com
30,Bogey,Hale,38026,0.57,bhalet@hc360.com
31,Laurena,Trousdell,17404,0.75,ltrousdellu@clickbank.net
32,Roley,Cuttler,49227,0.78,rcuttlerv@sohu.com
33,Leonerd,Mollen,63784,0.72,lmollenw@technorati.com
34,Westleigh,Iglesias,43616,0.5,wiglesiasx@addthis.com
35,Rosemaria,Cafferky,48617,0.34,rcafferkyy@ocn.ne.jp
36,Gearard,Springford,12071,0.92,gspringfordz@intel.com
37,Jammal,Filipczynski,74477,0.57,jfilipczynski10@theglobeandmail.com
38,Row,Gallihaulk,78191,0.55,rgallihaulk11@alibaba.com
39,Heather,McInnery,67483,0.68,hmcinnery12@netvibes.com
40,Falito,Wooller,22270,0.54,fwooller13@wunderground.com
41,Berke,Scullion,22504,0.24,bscullion14@vinaora.com
42,Cecilius,Ashcroft,52076,0.76,cashcroft15@wordpress.org
43,Meredeth,Armfirld,40189,0.89,marmfirld16@last.fm
44,Gina,Matyushonok,26290,0.63,gmatyushonok17@linkedin.com
45,Anabal,Standall,49514,0.16,astandall18@tmall.com
46,Merwin,Keys,8605,0.4,mkeys19@loc.gov
47,Kort,Savil,38274,0.68,ksavil1a@topsy.com
48,Leigh,Kobiela,93956,0.56,lkobiela1b@sciencedaily.com
49,Lynna,Camilletti,31820,0.06,lcamilletti1c@nydailynews.com
50,Rosco,Jiggins,41714,0.4,rjiggins1d@xrea.com
51,Cherilyn,Fulker,13671,0.42,cfulker1e@etsy.com
52,Gretal,Self,4868,0.85,gself1f@dmoz.org
53,Fergus,Itzkowicz,26992,0.25,fitzkowicz1g@unblog.fr
54,Beauregard,Louiset,15397,0.46,blouiset1h@technorati.com
55,Raynor,Braniff,98368,0.72,rbraniff1i@loc.gov
56,Guinna,Bynert,1355,0.16,gbynert1j@sphinn.com
57,Leona,Shiril,44288,0.09,lshiril1k@japanpost.jp
58,Silvia,Dinan,18653,0.05,sdinan1l@yahoo.com
59,Amalee,Vowden,90517,0.47,avowden1m@phoca.cz
60,Raina,Dawkes,52094,0.58,rdawkes1n@ezinearticles.com
61,Cosette,Cowperthwaite,78733,0.37,ccowperthwaite1o@wikia.com
62,Abba,Demaid,77004,0.05,ademaid1p@qq.com
63,Malinde,Cornbell,74386,0.7,mcornbell1q@people.com.cn
64,Rupert,Ferre,97130,0.12,rferre1r@china.com.cn
65,Guillemette,Schust,32901,0.27,gschust1s@timesonline.co.uk
66,Janet,Sacase,52653,0.22,jsacase1t@mapquest.com
67,Estel,Harbard,17553,0.21,eharbard1u@vistaprint.com
68,Elle,Rarity,963,0.56,erarity1v@google.co.uk
69,Chick,Biffin,62789,0.96,cbiffin1w@upenn.edu
70,Cheri,Lubman,81167,0.54,clubman1x@acquirethisname.com
71,Tim,Fransson,29108,0.17,tfransson1y@economist.com
72,Marinna,Tabord,46083,0.86,mtabord1z@tripadvisor.com
73,Dore,Guidi,57588,0.57,dguidi20@nymag.com
74,Care,Iskowicz,22066,0.5,ciskowicz21@hibu.com
75,Rafferty,Rylett,44543,0.98,rrylett22@cnbc.com
76,Georgeta,Tremonte,33603,0.08,gtremonte23@acquirethisname.com
77,Kinna,France,86441,0.66,kfrance24@engadget.com
78,Buiron,Jojic,54358,0.39,bjojic25@symantec.com
79,Robbi,Quantick,64134,0.76,rquantick26@auda.org.au
80,Marlo,Blewett,82385,0.16,mblewett27@google.com
81,Cyb,Lesurf,80301,0.42,clesurf28@friendfeed.com
82,Vaughan,Bazeley,10620,0.93,vbazeley29@cloudflare.com
83,Barbi,Elks,68814,0.49,belks2a@comcast.net
84,Rochella,Mapstone,19837,0.22,rmapstone2b@businessweek.com
85,Trueman,Prandoni,37287,0.83,tprandoni2c@theatlantic.com
86,Brant,Boissier,41241,0.13,bboissier2d@gov.uk
87,Eward,Beaford,91721,0.25,ebeaford2e@tuttocitta.it
88,Beatrix,Schober,70829,0.72,bschober2f@unesco.org
89,Tris,Saladino,53752,0.55,tsaladino2g@ebay.com
90,Shaine,Seneschal,12635,0.07,sseneschal2h@gov.uk
91,Deeanne,Kingaby,69131,0.64,dkingaby2i@ovh.net
92,Amelina,Haeslier,96010,0.53,ahaeslier2j@aboutads.info
93,Damita,O'Kane,29145,0.15,dokane2k@blogtalkradio.com
94,Deeyn,Southan,27512,0.2,dsouthan2l@answers.com
95,Martha,Mordin,93493,0.73,mmordin2m@sohu.com
96,Bary,O'Driscoll,18189,0.57,bodriscoll2n@shinystat.com
97,Devin,Patching,97374,0.55,dpatching2o@wordpress.org
98,Rasia,Raoul,22752,0.47,rraoul2p@upenn.edu
99,Alis,Huchot,82526,0.05,ahuchot2q@ftc.gov
100,Johnnie,Sneesbie,4646,0.06,jsneesbie2r@china.com.cn
101,Packston,Ritson,63158,0.73,pritson2s@skype.com
102,Dominik,Carcass,21296,0.45,dcarcass2t@delicious.com
103,Devonne,Wadhams,75988,0.67,dwadhams2u@pagesperso-orange.fr
104,Arda,Attrey,51355,0.17,aattrey2v@examiner.com
105,Jamal,Swindall,31715,0.4,jswindall2w@apache.org
106,Vivyan,Strowlger,44882,0.62,vstrowlger2x@microsoft.com
107,Nigel,Remmer,94860,0.3,nremmer2y@nytimes.com
108,Goddard,Cabrera,30578,0.26,gcabrera2z@youku.com
109,Stanton,Martinek,92785,0.06,smartinek30@opera.com
110,Cornelia,Beade,53068,0.37,cbeade31@oakley.com
111,Madeline,Pickavant,48535,0.62,mpickavant32@geocities.com
112,Idaline,Kohring,37351,0.19,ikohring33@slate.com
113,Melina,Alexandersson,74643,0.39,malexandersson34@scientificamerican.com
114,Aleta,Mc Meekan,65270,0.43,amcmeekan35@over-blog.com
115,Ettie,Wayman,22818,0.19,ewayman36@twitpic.com
116,Loydie,Sergent,8445,0.41,lsergent37@amazon.de
117,Cora,Hartigan,17839,0.0,chartigan38@creativecommons.org
118,Mirilla,Burborough,84708,0.44,mburborough39@nifty.com
119,Garvin,Berling,50616,0.35,gberling3a@sina.com.cn
120,Abey,Kingett,89796,0.94,akingett3b@archive.org
121,Blair,Cleghorn,9079,0.13,bcleghorn3c@w3.org
122,Giordano,Threader,54967,0.79,gthreader3d@blogger.com
123,Etan,Farahar,14900,0.66,efarahar3e@weather.com
124,Hersh,Koenraad,95788,0.03,hkoenraad3f@mlb.com
125,Waverley,Windley,47534,0.86,wwindley3g@rambler.ru
126,Joni,Eck,85216,0.71,jeck3h@wix.com
127,Theo,Willshire,43742,0.44,twillshire3i@ustream.tv
128,Caitrin,Kort,55076,0.79,ckort3j@cornell.edu
129,Harland,Joynson,73689,0.53,hjoynson3k@nature.com
130,Loralyn,Fulcher,83513,0.92,lfulcher3l@vistaprint.com
131,Winston,Ringwood,92031,0.85,wringwood3m@epa.gov
132,Cybill,Alam,95655,0.01,calam3n@unblog.fr
133,Isiahi,Whaley,51106,0.79,iwhaley3o@cyberchimps.com
134,Caddric,Spilsted,41215,0.39,cspilsted3p@state.tx.us
135,Cheri,Rylatt,91615,0.46,crylatt3q@homestead.com
136,Gabbie,Toombes,28152,0.47,gtoombes3r@unesco.org
137,Fallon,Rosensaft,31173,0.13,frosensaft3s@rediff.com
138,Reagan,Skyram,70540,0.88,rskyram3t@qq.com
139,Nerte,McClifferty,89184,0.75,nmcclifferty3u@ca.gov
140,Frederik,Fearenside,40827,0.89,ffearenside3v@infoseek.co.jp
141,Kora,Baudin,42763,0.71,kbaudin3w@newyorker.com
142,Mahalia,Kiera,70428,0.68,mkiera3x@sogou.com
143,Westbrooke,Hazlegrove,80415,0.52,whazlegrove3y@deliciousdays.com
144,Hector,Dudson,1360,0.74,hdudson3z@photobucket.com
145,Merrill,Brushfield,43204,0.53,mbrushfield40@ox.ac.uk
146,Jacky,Nichols,56541,0.9,jnichols41@bloomberg.com
147,Jaime,Feedham,81890,0.7,jfeedham42@networkadvertising.org
148,Vi,Raffeorty,86783,0.51,vraffeorty43@google.pl
149,Graeme,Doding,15884,0.21,gdoding44@bravesites.com
150,Cord,Maudling,13833,0.68,cmaudling45@dot.gov
151,Janeva,Jenkin,42598,0.91,jjenkin46@latimes.com
152,Malissia,Beadon,51228,0.95,mbeadon47@sciencedaily.com
153,Hammad,Jesty,25102,0.02,hjesty48@cisco.com
154,Flossie,Crysell,5555,0.64,fcrysell49@issuu.com
155,Fancie,Ranson,78042,0.65,franson4a@icio.us
156,Valera,Sprott,18308,0.65,vsprott4b@cnn.com
157,Isidoro,Bloxsum,15924,0.57,ibloxsum4c@latimes.com
158,Tobin,Sowman,92458,0.66,tsowman4d@economist.com
159,Marnie,Holleran,1517,0.54,mholleran4e@indiatimes.com
160,Jeanne,Bohlje,44373,0.08,jbohlje4f@senate.gov
161,Felicdad,Chaplain,48629,0.55,fchaplain4g@jiathis.com
162,Anselma,Craker,47153,0.74,acraker4h@theguardian.com
163,Irma,Hartegan,29352,0.47,ihartegan4i@symantec.com
164,Leontine,Earwicker,11923,0.47,learwicker4j@angelfire.com
165,Pauletta,Dyball,1578,0.07,pdyball4k@chicagotribune.com
166,Isa,Chessil,624,0.94,ichessil4l@artisteer.com
167,Mary,Gierke,63533,0.02,mgierke4m@google.pl
168,Ashil,Hawkswood,80930,0.82,ahawkswood4n@bbb.org
169,Roseline,Dregan,9992,0.69,rdregan4o@webeden.co.uk
170,Bernarr,Sheringham,15563,0.1,bsheringham4p@yahoo.co.jp
171,Allina,Turl,93724,0.15,aturl4q@skyrock.com
172,Reidar,Ewenson,79660,0.27,rewenson4r@yellowpages.com
173,Keen,Mealing,44062,0.41,kmealing4s@shareasale.com
174,Annmaria,Bellas,40590,0.89,abellas4t@imdb.com
175,Randy,Blunderfield,22340,1.0,rblunderfield4u@hao123.com
176,Ralph,Duny,80048,0.77,rduny4v@unc.edu
177,Rudiger,Ducrow,2651,0.0,rducrow4w@paginegialle.it
178,Niels,Wemm,92668,0.44,nwemm4x@unicef.org
179,Issi,Duckers,83439,0.28,iduckers4y@weebly.com
180,Hal,Ough,73663,0.75,hough4z@lycos.com
181,Viv,Bramstom,60187,0.23,vbramstom50@nsw.gov.au
182,Ardeen,Colliford,76674,0.43,acolliford51@multiply.com
183,Larissa,Whitlaw,40044,0.33,lwhitlaw52@chron.com
184,Cheri,Edlington,87026,0.71,cedlington53@yelp.com
185,Stefa,Watkinson,90178,0.91,swatkinson54@irs.gov
186,Madlen,Elderkin,16487,0.19,melderkin55@ocn.ne.jp
187,Jocko,Talbot,85296,0.81,jtalbot56@icio.us
188,Karleen,Bone,50848,0.25,kbone57@cnn.com
189,Daniela,Wrighton,41740,0.71,dwrighton58@weibo.com
190,Julianna,Cortes,14373,0.64,jcortes59@sfgate.com
191,Rudie,Godman,64536,0.59,rgodman5a@ucoz.com
192,Bank,Searson,55634,0.27,bsearson5b@desdev.cn
193,Parsifal,Whopples,1376,0.92,pwhopples5c@archive.org
194,Morey,Conboy,99804,0.16,mconboy5d@bbb.org
195,Anetta,Sivyour,49731,0.17,asivyour5e@printfriendly.com
196,Gustaf,Cathro,32933,0.78,gcathro5f@spiegel.de
197,Skylar,Ledley,22348,0.56,sledley5g@fema.gov
198,Tyrus,Sofe,97236,0.92,tsofe5h@state.gov
199,Des,Lent,40205,0.6,dlent5i@hexun.com
200,Mellie,Amberg,54374,0.35,mamberg5j@google.com
201,Antonius,Bulfoy,29386,0.95,abulfoy5k@uiuc.edu
202,Cosette,Aspden,28689,0.25,caspden5l@symantec.com
203,Sonni,Delmage,37390,0.9,sdelmage5m@twitpic.com
204,Travers,Izachik,99961,0.88,tizachik5n@jiathis.com
205,Tera,Zannolli,49847,0.81,tzannolli5o@opera.com
206,Pet,Beamond,44348,0.33,pbeamond5p@bbc.co.uk
207,Farah,Huetson,43525,0.1,fhuetson5q@edublogs.org
208,Theodosia,Elstone,49925,0.7,telstone5r@miibeian.gov.cn
209,Brittani,Farris,77174,0.6,bfarris5s@ezinearticles.com
210,Osbourn,Hawkswood,41693,0.76,ohawkswood5t@drupal.org
211,Hanni,Hatrick,67761,0.7,hhatrick5u@google.nl
212,Marcia,Drohun,90420,0.62,mdrohun5v@prnewswire.com
213,Joannes,Marsland,40401,0.03,jmarsland5w@biblegateway.com
214,Oralie,Velten,61883,0.94,ovelten5x@ca.gov
215,Leeann,Jaqueme,31744,0.34,ljaqueme5y@timesonline.co.uk
216,Heall,Douche,45721,0.71,hdouche5z@elegantthemes.com
217,Alexandra,Fareweather,70686,0.29,afareweather60@uol.com.br
218,Milton,Attree,72912,0.77,mattree61@seattletimes.com
219,Oona,Izakoff,33969,0.82,oizakoff62@netvibes.com
220,Trixi,Peirone,73994,0.88,tpeirone63@pcworld.com
221,Bill,Bleas,99106,0.54,bbleas64@twitpic.com
222,Madlen,O'Keenan,68748,0.14,mokeenan65@sfgate.com
223,Carmela,Korf,86154,0.85,ckorf66@usda.gov
224,Ban,Alban,99452,0.7,balban67@bing.com
225,Nonah,Tows,66046,0.35,ntows68@google.it
226,Linea,Pohl,66339,0.58,lpohl69@topsy.com
227,Jenifer,Ledamun,92191,0.2,jledamun6a@livejournal.com
228,Yehudit,Willishire,40118,0.09,ywillishire6b@ycombinator.com
229,Annette,Doles,19537,0.8,adoles6c@google.ru
230,Dominick,Horlock,58649,0.11,dhorlock6d@yellowpages.com
231,Alexandr,Statersfield,2282,0.08,astatersfield6e@tumblr.com
232,Ingrid,Piaggia,95108,0.84,ipiaggia6f@reuters.com
233,Moll,Lambe,33209,0.32,mlambe6g@mashable.com
234,Kerby,Grills,6568,0.18,kgrills6h@sina.com.cn
235,Merissa,Gale,10989,0.3,mgale6i@latimes.com
236,Marga,Gouthier,18640,0.53,mgouthier6j@ehow.com
237,Merle,Sandifer,45282,0.21,msandifer6k@fastcompany.com
238,Adel,Treske,17227,0.76,atreske6l@foxnews.com
239,Vikki,Wanklin,28834,0.01,vwanklin6m@mtv.com
240,Cecil,Cromett,11595,0.11,ccromett6n@phpbb.com
241,Elvira,Pilmer,50808,0.11,epilmer6o@hatena.ne.jp
242,Slade,Behne,23189,0.11,sbehne6p@linkedin.com
243,Tremayne,Durbyn,36296,0.88,tdurbyn6q@cloudflare.com
244,Iorgo,Giral,91913,0.58,igiral6r@elpais.com
245,Barrie,Andress,43117,0.8,bandress6s@engadget.com
246,Elinor,Aymes,2983,0.63,eaymes6t@wordpress.org
247,Claire,Gyngyll,70282,0.87,cgyngyll6u@wordpress.com
248,Rafa,Jereatt,92735,0.61,rjereatt6v@pinterest.com
249,Cobbie,Nafziger,54892,0.43,cnafziger6w@nps.gov
250,Billie,Huburn,25722,0.62,bhuburn6x@jugem.jp
251,Lucie,Reglar,60167,0.49,lreglar6y@about.me
252,Steffie,Dowall,17364,0.72,sdowall6z@google.es
253,Wait,Bolino,44714,0.55,wbolino70@tiny.cc
254,Analiese,MacLleese,3685,0.62,amaclleese71@newsvine.com
255,Rochell,Tisun,46859,0.02,rtisun72@cisco.com
256,Kermit,Mickelwright,27250,0.81,kmickelwright73@usatoday.com
257,Merissa,Mumbey,26791,0.12,mmumbey74@dropbox.com
258,Carmelina,Du Hamel,14213,0.89,cduhamel75@reference.com
259,Garrard,Wardlaw,53573,0.88,gwardlaw76@cbslocal.com
260,Haslett,Cornilleau,70970,0.75,hcornilleau77@amazon.co.jp
261,Venus,Dizlie,31785,0.16,vdizlie78@columbia.edu
262,Alphard,McGoogan,69407,0.71,amcgoogan79@bizjournals.com
263,Margy,Loadsman,89984,0.5,mloadsman7a@imdb.com
264,Dominik,Mauvin,22158,0.24,dmauvin7b@privacy.gov.au
265,Nevil,Everard,44211,0.33,neverard7c@cafepress.com
266,Esteban,Rother,35457,0.1,erother7d@mayoclinic.com
267,Jennilee,Fawloe,39149,0.73,jfawloe7e@bravesites.com
268,Carlene,Rush,40334,0.33,crush7f@addthis.com
269,Bale,Gronaver,85604,0.42,bgronaver7g@biglobe.ne.jp
270,Craig,Seston,13749,0.9,cseston7h@bizjournals.com
271,Craggy,Yegoshin,94055,0.13,cyegoshin7i@bloglines.com
272,Samantha,Matfin,58995,0.09,smatfin7j@php.net
273,Candis,I'anson,69015,0.89,cianson7k@imgur.com
274,Jerrie,Markova,5383,0.06,jmarkova7l@free.fr
275,Waylon,Bendell,98437,0.6,wbendell7m@bandcamp.com
276,Herbert,Addams,82695,0.21,haddams7n@netscape.com
277,Mallissa,Blare,88837,0.54,mblare7o@digg.com
278,Aleda,Baggelley,15701,0.8,abaggelley7p@wordpress.com
279,Arty,Edwins,87817,0.48,aedwins7q@jugem.jp
280,Elmo,Sangster,24776,0.48,esangster7r@wp.com
281,Gwendolyn,Truckett,76971,0.32,gtruckett7s@liveinternet.ru
282,Jacinta,Bomfield,3829,0.63,jbomfield7t@usgs.gov
283,Prinz,Caudrelier,70014,0.52,pcaudrelier7u@utexas.edu
284,Ollie,Rispine,28252,0.62,orispine7v@plala.or.jp
285,Greg,Kinchin,8639,0.79,gkinchin7w@cisco.com
286,Jojo,Winkless,38701,0.81,jwinkless7x@indiatimes.com
287,Augustine,Derrick,31422,0.79,aderrick7y@un.org
288,Carlin,Reedy,14724,0.1,creedy7z@quantcast.com
289,Patience,Cutbirth,80484,0.13,pcutbirth80@nationalgeographic.com
290,Jo,Durham,47301,0.9,jdurham81@virginia.edu
291,Julienne,Wipfler,75642,0.69,jwipfler82@hugedomains.com
292,Billie,Snewin,34503,0.36,bsnewin83@google.fr
293,Mariejeanne,Blogg,59926,0.5,mblogg84@smugmug.com
294,Anastassia,Avrahamov,71221,0.82,aavrahamov85@earthlink.net
295,Ollie,Greenley,49200,0.36,ogreenley86@vk.com
296,Kean,Silverwood,77428,0.77,ksilverwood87@adobe.com
297,Roi,O'Currane,76119,0.69,rocurrane88@ft.com
298,Kynthia,Simoncini,67399,0.31,ksimoncini89@ocn.ne.jp
299,Cara,Bartolacci,57958,0.19,cbartolacci8a@gov.uk
300,Elsey,Di Ruggiero,97351,0.33,ediruggiero8b@shareasale.com
301,Addi,Grafham,86111,0.93,agrafham8c@sitemeter.com
302,Carlyle,Le Moucheux,31324,0.26,clemoucheux8d@ycombinator.com
303,Stefano,Wheeler,50024,0.48,swheeler8e@icio.us
304,Hilary,Carmont,36216,0.05,hcarmont8f@nydailynews.com
305,Valera,Kenn,84524,0.61,vkenn8g@weather.com
306,Dotti,Van der Kruys,35978,0.41,dvanderkruys8h@businessweek.com
307,Alvera,Feldon,33193,0.59,afeldon8i@flickr.com
308,Waylen,Oldroyd,94644,0.94,woldroyd8j@discuz.net
309,Ora,Matyas,62791,0.62,omatyas8k@princeton.edu
310,Shirlee,Dulanty,60692,0.97,sdulanty8l@tinyurl.com
311,Rickey,Rosebotham,91536,0.66,rrosebotham8m@t.co
312,Nathanil,Gorstidge,73826,0.76,ngorstidge8n@posterous.com
313,Jory,Hugo,99290,0.31,jhugo8o@prweb.com
314,Walton,Perritt,98459,0.38,wperritt8p@facebook.com
315,Vale,Bradborne,78580,0.35,vbradborne8q@archive.org
316,Sallyanne,Surman,57348,0.14,ssurman8r@live.com
317,Eldin,Genever,52814,0.27,egenever8s@boston.com
318,Felicia,Lackmann,26244,0.1,flackmann8t@rakuten.co.jp
319,Fina,Marmon,32253,0.52,fmarmon8u@shop-pro.jp
320,Blondy,Orrill,97055,0.8,borrill8v@tripod.com
321,Abel,Beaulieu,57647,0.47,abeaulieu8w@sfgate.com
322,Ursola,Jellman,96064,0.32,ujellman8x@people.com.cn
323,Fiorenze,Girdler,89543,0.46,fgirdler8y@mail.ru
324,Timi,Husthwaite,46483,0.39,thusthwaite8z@unblog.fr
325,Dorian,Hutfield,43534,0.01,dhutfield90@comsenz.com
326,Almeta,Pendrid,62147,0.86,apendrid91@livejournal.com
327,Kennedy,Greenhowe,60704,0.29,kgreenhowe92@reference.com
328,Jolene,Barringer,76985,0.01,jbarringer93@naver.com
329,Olag,Jerosch,60667,0.83,ojerosch94@seesaa.net
330,Dominga,Panas,43235,0.19,dpanas95@stumbleupon.com
331,Seymour,Trustrie,91373,0.23,strustrie96@engadget.com
332,Thorn,Pipworth,95557,0.38,tpipworth97@nifty.com
333,Wilhelm,Korn,73930,0.16,wkorn98@homestead.com
334,Anallese,Stone Fewings,83933,0.32,astonefewings99@ustream.tv
335,Meryl,Galgey,66657,0.96,mgalgey9a@wisc.edu
336,Babbie,Vaissiere,41317,0.65,bvaissiere9b@wisc.edu
337,Vivyanne,Paolinelli,39017,0.86,vpaolinelli9c@utexas.edu
338,Anastasie,Yancey,69162,0.87,ayancey9d@opera.com
339,Gabriel,Wansbury,91244,0.01,gwansbury9e@europa.eu
340,Joanne,MacAiline,54413,0.75,jmacailine9f@mtv.com
341,Jessy,Skelhorn,92590,0.63,jskelhorn9g@slashdot.org
342,Leisha,McIsaac,36539,0.79,lmcisaac9h@cdbaby.com
343,Silvan,Cullin,11099,0.37,scullin9i@seattletimes.com
344,Julee,Summers,54051,0.4,jsummers9j@who.int
345,Hervey,Bauduin,99354,0.43,hbauduin9k@istockphoto.com
346,Tierney,Sibbert,85217,0.14,tsibbert9l@wordpress.org
347,Erina,Tippett,74839,0.8,etippett9m@discuz.net
348,Verene,Lethby,63243,0.34,vlethby9n@google.it
349,Theresita,Cunah,758,0.15,tcunah9o@google.ru
350,Jolene,Trahear,51516,0.85,jtrahear9p@t-online.de
351,Shelton,Linay,30351,0.36,slinay9q@google.com.hk
352,Livy,Vassano,1230,0.75,lvassano9r@taobao.com
353,Giffie,Caroll,91198,0.8,gcaroll9s@twitter.com
354,Eberhard,Raffeorty,39589,0.38,eraffeorty9t@t.co
355,Myra,Gierck,83822,0.53,mgierck9u@usatoday.com
356,Alberto,Ife,33487,0.08,aife9v@pagesperso-orange.fr
357,Myra,Campion,83512,0.64,mcampion9w@123-reg.co.uk
358,Magdalen,Anfusso,25089,0.35,manfusso9x@sciencedaily.com
359,Ardith,Allred,45430,0.3,aallred9y@about.com
360,Sonni,Banner,37235,0.19,sbanner9z@cdbaby.com
361,Elden,Standfield,76603,0.47,estandfielda0@mayoclinic.com
362,Umeko,Walewicz,7630,0.98,uwalewicza1@ebay.co.uk
363,Vinnie,Balaisot,58614,0.75,vbalaisota2@lycos.com
364,Conroy,Gronowe,232,0.75,cgronowea3@moonfruit.com
365,Jenn,Antushev,29929,0.63,jantusheva4@4shared.com
366,Mile,Maddicks,92358,0.26,mmaddicksa5@yale.edu
367,Jennie,Orrett,99157,0.15,jorretta6@foxnews.com
368,Tan,Cordero,39517,0.0,tcorderoa7@utexas.edu
369,Gwenni,Iskower,15432,0.91,giskowera8@archive.org
370,Martainn,Nunan,55782,0.41,mnunana9@usnews.com
371,Cody,Durrant,61382,0.62,cdurrantaa@rakuten.co.jp
372,Raul,Pawlik,89571,0.49,rpawlikab@so-net.ne.jp
373,Timothea,McLane,3545,0.51,tmclaneac@auda.org.au
374,Ruddy,Haverty,77276,0.38,rhavertyad@house.gov
375,Jeth,Cawthery,34436,0.18,jcawtheryae@indiegogo.com
376,Ambrosi,Hans,67259,0.76,ahansaf@tumblr.com
377,Tandie,Kelemen,12316,0.5,tkelemenag@who.int
378,Malanie,Farnin,84541,0.45,mfarninah@wordpress.org
379,Aurilia,Markova,113,0.63,amarkovaai@prweb.com
380,Cello,Macellar,55114,0.29,cmacellaraj@wisc.edu
381,Gerhardine,Sarsons,56181,0.79,gsarsonsak@netlog.com
382,Kris,Sings,4689,0.33,ksingsal@stumbleupon.com
383,Avery,McIntee,28911,0.89,amcinteeam@samsung.com
384,Mickie,Heinle,20614,0.36,mheinlean@ibm.com
385,Karalynn,Kent,66294,0.01,kkentao@netscape.com
386,Reyna,Millwall,46568,0.79,rmillwallap@salon.com
387,Barbara-anne,Dalling,86944,0.18,bdallingaq@yellowbook.com
388,Natale,Fincham,75943,0.62,nfinchamar@statcounter.com
389,Angy,Bramich,37636,0.13,abramichas@edublogs.org
390,Rosalyn,Hessay,15324,0.68,rhessayat@dot.gov
391,Garald,Wrates,61881,0.93,gwratesau@paypal.com
392,Lauren,Renwick,66244,0.2,lrenwickav@ebay.com
393,Dion,Kitchin,93607,0.7,dkitchinaw@ameblo.jp
394,Verge,Mertgen,53251,0.03,vmertgenax@storify.com
395,Reuven,Arons,6936,0.97,raronsay@ucla.edu
396,Saunderson,Ingliby,3658,0.67,singlibyaz@tinyurl.com
397,Pierce,Stallard,35694,0.71,pstallardb0@4shared.com
398,Florette,Walak,90256,0.73,fwalakb1@desdev.cn
399,Any,Cramphorn,68426,0.84,acramphornb2@china.com.cn
400,Lorena,Spancock,90525,0.41,lspancockb3@nyu.edu
401,Philomena,Brockie,71144,0.05,pbrockieb4@slideshare.net
402,Rutger,Gannicott,1295,0.58,rgannicottb5@slate.com
403,Reid,Slight,19138,0.6,rslightb6@discovery.com
404,Neila,Gonsalvez,73398,0.78,ngonsalvezb7@github.io
405,Audrie,Mingotti,5447,0.57,amingottib8@amazon.de
406,Barbie,St. Clair,67001,0.51,bstclairb9@sun.com
407,Kayla,O'Keaveny,19291,0.37,kokeavenyba@cnet.com
408,Saleem,Messer,12527,0.93,smesserbb@state.gov
409,Tilda,Langstaff,2917,0.99,tlangstaffbc@rediff.com
410,Kennan,Fursland,62860,0.71,kfurslandbd@ustream.tv
411,Ignazio,Soldi,88485,0.26,isoldibe@patch.com
412,Charyl,Garlicke,32263,0.27,cgarlickebf@ebay.com
413,Ramona,Salmons,69802,0.3,rsalmonsbg@constantcontact.com
414,Maye,Kiebes,94105,0.59,mkiebesbh@apple.com
415,Lucia,Hand,52641,0.2,lhandbi@disqus.com
416,Johnathan,Farish,69523,0.25,jfarishbj@google.fr
417,Orton,Polly,92572,0.61,opollybk@cbc.ca
418,Rudd,Benge,46505,0.43,rbengebl@dot.gov
419,Mort,Clemits,34912,0.76,mclemitsbm@unicef.org
420,Estel,Gunby,43201,0.95,egunbybn@feedburner.com
421,Audie,Suckling,57830,0.5,asucklingbo@ebay.com
422,Louis,Dutch,93277,0.38,ldutchbp@marketwatch.com
423,Allayne,Topper,88310,0.75,atopperbq@oakley.com
424,Pren,McClunaghan,85937,0.97,pmcclunaghanbr@sciencedirect.com
425,Hazel,Rugieri,19554,0.14,hrugieribs@bizjournals.com
426,Alanson,Neubigin,99416,0.08,aneubiginbt@kickstarter.com
427,Sheff,Poter,93428,0.44,spoterbu@si.edu
428,Adolph,Brettell,7688,0.51,abrettellbv@stanford.edu
429,Woodie,Reye,17652,0.42,wreyebw@bravesites.com
430,Tiffanie,Hustler,47928,0.4,thustlerbx@ameblo.jp
431,Raeann,Van de Vlies,19912,0.92,rvandevliesby@toplist.cz
432,Gretal,Robeiro,79893,0.53,grobeirobz@mtv.com
433,Tammie,Tesche,39953,0.38,tteschec0@privacy.gov.au
434,Babette,Castagnaro,50022,0.88,bcastagnaroc1@hostgator.com
435,Dall,Geely,35056,0.39,dgeelyc2@is.gd
436,Lanie,Hanbidge,5440,0.75,lhanbidgec3@bing.com
437,Sharron,Anthonies,22065,0.75,santhoniesc4@ox.ac.uk
438,Sigfrid,Gordge,98748,0.71,sgordgec5@ucoz.ru
439,Peadar,Vizor,59327,0.14,pvizorc6@mtv.com
440,Osgood,Robinet,70555,0.36,orobinetc7@example.com
441,Anthe,Ducker,30773,0.57,aduckerc8@nymag.com
442,Robinett,McLagain,77537,0.76,rmclagainc9@cnbc.com
443,Kurtis,Nussii,74671,0.47,knussiica@xinhuanet.com
444,Marina,Hearns,12330,0.06,mhearnscb@stanford.edu
445,Samantha,Louis,77903,0.36,slouiscc@google.com
446,Marin,Felgat,91587,0.15,mfelgatcd@ucsd.edu
447,Davine,Hayfield,42282,0.87,dhayfieldce@go.com
448,Meredith,Baxster,596,0.79,mbaxstercf@1und1.de
449,Barbaraanne,Feavyour,85890,0.61,bfeavyourcg@google.es
450,Theresita,O'Hartagan,63858,0.37,tohartaganch@geocities.com
451,Towny,Eriksson,34755,0.6,terikssonci@ow.ly
452,Tadeas,Whatley,68647,0.03,twhatleycj@free.fr
453,Wayland,Dowda,82282,0.67,wdowdack@twitpic.com
454,Bekki,Hudd,76462,0.87,bhuddcl@aol.com
455,Inesita,Wisedale,94524,0.01,iwisedalecm@bluehost.com
456,Monika,Mawford,57197,0.31,mmawfordcn@japanpost.jp
457,Dianna,Oakenfull,95180,0.32,doakenfullco@123-reg.co.uk
458,Thor,Fluin,1487,0.33,tfluincp@sohu.com
459,Robbi,Sennett,74139,0.09,rsennettcq@globo.com
460,Hadria,Gypps,61919,0.48,hgyppscr@pinterest.com
461,Gui,Kermon,77872,0.36,gkermoncs@shutterfly.com
462,Roley,Shimmings,50805,0.36,rshimmingsct@drupal.org
463,Sissie,Brattell,92456,0.6,sbrattellcu@archive.org
464,Waring,Dollman,54209,0.87,wdollmancv@adobe.com
465,Wait,Themann,13407,0.32,wthemanncw@webs.com
466,Kathie,Pawnsford,34509,0.3,kpawnsfordcx@g.co
467,Quill,Billin,75587,0.75,qbillincy@ifeng.com
468,Katerina,Tytterton,2871,0.03,ktyttertoncz@etsy.com
469,Alfie,Dempster,43493,0.97,adempsterd0@example.com
470,Sheelah,Yard,75144,0.24,syardd1@ucoz.com
471,Pavlov,Jakab,13707,0.16,pjakabd2@bluehost.com
472,Damon,Wermerling,61196,0.53,dwermerlingd3@phoca.cz
473,Preston,Osbiston,2462,0.37,posbistond4@noaa.gov
474,Halli,Van Salzberger,15491,0.76,hvansalzbergerd5@statcounter.com
475,Waylan,Clench,43843,0.91,wclenchd6@guardian.co.uk
476,Gian,Allenson,49906,0.11,gallensond7@guardian.co.uk
477,Emmery,Dovidaitis,97003,0.34,edovidaitisd8@google.co.uk
478,Jed,Donovan,41,0.2,jdonovand9@addtoany.com
479,Frederik,Camerati,93056,0.42,fcameratida@dagondesign.com
480,Kaja,Brumen,73639,0.58,kbrumendb@state.tx.us
481,Megen,Mucklow,74305,0.03,mmucklowdc@webs.com
482,Tulley,Saiz,99327,0.41,tsaizdd@rediff.com
483,Delano,Lofthouse,55505,0.58,dlofthousede@wikispaces.com
484,Berri,Willshere,59873,0.65,bwillsheredf@unicef.org
485,Trefor,Oosthout de Vree,43593,0.75,toosthoutdevreedg@webmd.com
486,Sandy,Dyne,2985,0.56,sdynedh@arstechnica.com
487,Leone,Sinderland,60070,0.24,lsinderlanddi@plala.or.jp
488,Aigneis,Stevens,13824,0.81,astevensdj@senate.gov
489,Ianthe,Scolland,25238,0.65,iscollanddk@seesaa.net
490,Ted,M'Barron,4171,0.58,tmbarrondl@yelp.com
491,Flo,Elfleet,17787,0.61,felfleetdm@csmonitor.com
492,Jorie,Beaford,30417,0.58,jbeaforddn@dropbox.com
493,Brigham,MacPaik,31344,0.01,bmacpaikdo@over-blog.com
494,Opaline,Kinzett,24568,0.27,okinzettdp@tmall.com
495,Waring,Habbershon,6678,0.75,whabbershondq@angelfire.com
496,Theadora,Pryke,66209,0.96,tprykedr@uiuc.edu
497,Rutherford,Loveman,22438,0.83,rlovemands@drupal.org
498,Charissa,Pead,43100,0.12,cpeaddt@nifty.com
499,Gigi,Huntington,68291,0.45,ghuntingtondu@drupal.org
500,Rafaelita,Conibere,78574,0.65,rconiberedv@rakuten.co.jp
501,Noellyn,Mouatt,80911,0.19,nmouattdw@g.co
502,Gracia,Henriksson,29985,0.83,ghenrikssondx@berkeley.edu
503,Golda,Silvermann,25491,0.43,gsilvermanndy@usda.gov
504,Renaldo,Scothorn,94839,0.24,rscothorndz@macromedia.com
505,Corine,Bercevelo,62951,0.93,cberceveloe0@imgur.com
506,Missie,Demangeot,58334,0.57,mdemangeote1@jigsy.com
507,Melinda,Fearfull,88152,0.13,mfearfulle2@cargocollective.com
508,Hortensia,Poletto,28935,0.71,hpolettoe3@myspace.com
509,Blanca,Attreed,31230,0.81,battreede4@artisteer.com
510,Norby,Skirrow,15004,0.47,nskirrowe5@ucla.edu
511,Tann,Fruen,48876,0.68,tfruene6@lulu.com
512,Alleyn,Minghetti,29507,0.29,aminghettie7@bizjournals.com
513,Reuven,Burrel,84869,0.77,rburrele8@stumbleupon.com
514,Mario,Tuting,71957,0.77,mtutinge9@photobucket.com
515,Ronni,Laguerre,80095,1.0,rlaguerreea@bravesites.com
516,Edithe,Kennedy,78249,0.23,ekennedyeb@naver.com
517,Evaleen,Alldis,84691,0.92,ealldisec@networksolutions.com
518,Yasmin,Featherby,8778,0.29,yfeatherbyed@engadget.com
519,Helaina,Alekseev,71923,0.89,halekseevee@springer.com
520,Stoddard,Esmond,37229,0.66,sesmondef@usda.gov
521,Violetta,Cotelard,74841,0.37,vcotelardeg@zimbio.com
522,Robinett,Mewhirter,92435,0.03,rmewhirtereh@cbc.ca
523,Sarina,Higgoe,98011,0.75,shiggoeei@ustream.tv
524,Pattie,Obern,14964,0.89,pobernej@macromedia.com
525,Ursola,Kintish,5324,0.64,ukintishek@studiopress.com
526,Quillan,Mandrake,80053,0.25,qmandrakeel@rambler.ru
527,Agnesse,Sproson,84008,0.5,asprosonem@house.gov
528,Electra,Castiglione,99438,0.22,ecastiglioneen@nps.gov
529,Elva,Barltrop,85364,0.62,ebarltropeo@ebay.com
530,Hunt,Blencoe,7126,0.07,hblencoeep@newsvine.com
531,Judy,Ragg,24576,0.47,jraggeq@reuters.com
532,Carlynn,Ninnoli,7572,0.86,cninnolier@ameblo.jp
533,Quinta,Grzes,54264,0.3,qgrzeses@google.co.jp
534,Tracee,Scoyne,65777,0.14,tscoyneet@vkontakte.ru
535,Carmelina,Coode,38056,0.66,ccoodeeu@ucsd.edu
536,Curran,Wibberley,62931,0.23,cwibberleyev@over-blog.com
537,Merell,Champness,40079,0.47,mchampnessew@creativecommons.org
538,Nickola,Piletic,66602,0.19,npileticex@wix.com
539,Aggi,Beeby,83215,0.95,abeebyey@freewebs.com
540,Barnett,Wormstone,20935,0.59,bwormstoneez@nationalgeographic.com
541,Nadine,Sprackling,28357,0.6,nspracklingf0@hatena.ne.jp
542,Cara,Veltmann,53164,0.91,cveltmannf1@storify.com
543,Jay,Garms,78245,0.77,jgarmsf2@telegraph.co.uk
544,Enrico,Keddy,11566,0.15,ekeddyf3@qq.com
545,Misha,Gristhwaite,51116,0.12,mgristhwaitef4@sciencedirect.com
546,Selena,Hardingham,16931,0.71,shardinghamf5@java.com
547,Zerk,Gantz,34689,0.33,zgantzf6@google.ca
548,Aland,Prandi,48651,0.66,aprandif7@springer.com
549,Tommy,Benwell,84112,0.93,tbenwellf8@wikia.com
550,Kelcey,Spivey,61877,0.38,kspiveyf9@adobe.com
551,Uta,Vize,29069,0.42,uvizefa@hao123.com
552,Yolane,Osborne,40426,0.43,yosbornefb@barnesandnoble.com
553,Virgilio,Donaghy,3738,0.77,vdonaghyfc@wiley.com
554,Callie,Kemet,49520,0.9,ckemetfd@mtv.com
555,Joeann,Barnewall,67517,0.5,jbarnewallfe@businessweek.com
556,Christos,Kloska,42481,0.63,ckloskaff@hostgator.com
557,Chrissy,Pawlyn,37132,0.21,cpawlynfg@discovery.com
558,Tommy,Mathevet,85196,0.24,tmathevetfh@merriam-webster.com
559,Cathyleen,Langtry,62926,0.23,clangtryfi@issuu.com
560,Anastassia,Ledster,25873,0.8,aledsterfj@yandex.ru
561,Helge,Verner,71350,0.76,hvernerfk@privacy.gov.au
562,Kerrill,Prior,64386,0.39,kpriorfl@auda.org.au
563,Clarisse,Challin,21427,0.76,cchallinfm@canalblog.com
564,Marci,Brisset,11971,0.08,mbrissetfn@ning.com
565,Loria,Greenstock,72196,0.23,lgreenstockfo@state.gov
566,Katerina,Quadrio,39287,0.25,kquadriofp@usgs.gov
567,Vinita,Farbrother,7457,0.92,vfarbrotherfq@trellian.com
568,Madalena,Thireau,78805,0.2,mthireaufr@msn.com
569,Queenie,Tidridge,41359,0.38,qtidridgefs@boston.com
570,Carroll,Jerrold,46004,0.97,cjerroldft@wix.com
571,Katya,McCague,67796,0.69,kmccaguefu@dell.com
572,Obadiah,Spittal,86665,0.0,ospittalfv@mapy.cz
573,Collie,O'Fergus,9206,0.67,cofergusfw@fastcompany.com
574,Willetta,Tapsfield,89358,0.0,wtapsfieldfx@clickbank.net
575,Deerdre,Beresfore,14346,0.19,dberesforefy@mozilla.org
576,Joan,Poff,27194,0.68,jpofffz@google.com.hk
577,Lesly,Dossett,1184,0.33,ldossettg0@parallels.com
578,Silvana,Insworth,94569,0.56,sinsworthg1@addthis.com
579,Mina,Agglio,69287,0.61,maggliog2@usda.gov
580,Albrecht,Chalice,44746,0.61,achaliceg3@moonfruit.com
581,Silvester,Haitlie,47081,0.8,shaitlieg4@irs.gov
582,Dietrich,Tilburn,80799,0.8,dtilburng5@businessweek.com
583,Humfrid,Lambshine,5799,0.53,hlambshineg6@marketwatch.com
584,Alf,Bisiker,43031,0.95,abisikerg7@bbb.org
585,Marguerite,Gerrets,32082,0.72,mgerretsg8@un.org
586,Patty,Loy,9279,0.51,ployg9@cargocollective.com
587,Harriette,Felton,75257,0.16,hfeltonga@exblog.jp
588,Audy,Matei,54346,0.32,amateigb@imdb.com
589,Korie,Allans,29838,0.17,kallansgc@w3.org
590,Rozalie,Burrel,48779,0.11,rburrelgd@comcast.net
591,Verena,Gradly,79570,0.89,vgradlyge@bloomberg.com
592,Vladamir,Matonin,51657,0.87,vmatoningf@ftc.gov
593,Lelia,Fansy,50647,0.72,lfansygg@tripod.com
594,Dru,Winthrop,12930,0.18,dwinthropgh@taobao.com
595,Brianne,Ogdahl,4680,0.58,bogdahlgi@com.com
596,Miof mela,Howchin,30389,0.09,mhowchingj@oaic.gov.au
597,Gregorius,Routley,34867,0.35,groutleygk@illinois.edu
598,Ferris,Millican,49480,0.89,fmillicangl@cocolog-nifty.com
599,Lucila,Ternott,92387,0.66,lternottgm@newyorker.com
600,Langsdon,Heisham,78507,0.57,lheishamgn@github.com
601,Nelie,Hazleton,88914,0.57,nhazletongo@naver.com
602,Gordan,Ganny,31478,0.05,ggannygp@linkedin.com
603,Essa,Galbraith,17307,0.46,egalbraithgq@ft.com
604,Eziechiele,Fancet,62184,0.67,efancetgr@123-reg.co.uk
605,Granthem,Jedrych,90672,0.66,gjedrychgs@linkedin.com
606,Sophi,Bridgen,2889,0.53,sbridgengt@arstechnica.com
607,Debby,Candlin,52873,0.97,dcandlingu@desdev.cn
608,Phillida,Thow,45256,0.44,pthowgv@tmall.com
609,Maury,Ludlom,94365,0.58,mludlomgw@baidu.com
610,Karla,Elderkin,48069,0.38,kelderkingx@ucoz.com
611,Isabelle,Borris,6847,0.85,iborrisgy@cocolog-nifty.com
612,Celine,Jeannet,45272,0.35,cjeannetgz@twitter.com
613,Loralee,Binding,18922,0.71,lbindingh0@bravesites.com
614,Biddie,Rocco,69612,0.66,broccoh1@scientificamerican.com
615,Hashim,Younghusband,50540,0.54,hyounghusbandh2@examiner.com
616,Wheeler,Conre,66277,0.95,wconreh3@zdnet.com
617,Kory,Kestle,29971,0.44,kkestleh4@ebay.com
618,Whitman,Darlasson,64714,0.93,wdarlassonh5@yahoo.co.jp
619,Christyna,Dignon,32295,0.32,cdignonh6@technorati.com
620,Gloriana,Besset,73544,0.54,gbesseth7@usa.gov
621,Mira,Losbie,4408,0.31,mlosbieh8@parallels.com
622,Nataline,Lapthorn,49523,0.27,nlapthornh9@sphinn.com
623,Mozes,Skitterel,75554,0.99,mskitterelha@digg.com
624,Beryl,Rosenwald,20330,0.78,brosenwaldhb@list-manage.com
625,Margie,Bennell,85962,0.81,mbennellhc@youku.com
626,Sam,Le Port,35260,0.22,sleporthd@jimdo.com
627,Rory,Slator,45554,0.76,rslatorhe@nymag.com
628,Roley,Ferrant,49,0.35,rferranthf@springer.com
629,Terrel,Ringsell,59306,0.46,tringsellhg@twitter.com
630,Fran,Dulin,10343,0.88,fdulinhh@tinyurl.com
631,Otto,Shellard,54417,0.31,oshellardhi@ycombinator.com
632,Siward,Howbrook,4347,0.91,showbrookhj@imageshack.us
633,Vasili,Fawdrie,95599,0.74,vfawdriehk@tumblr.com
634,Fanechka,Sea,88950,0.73,fseahl@hugedomains.com
635,Garland,Bolstridge,92932,0.79,gbolstridgehm@diigo.com
636,Yuma,Kingsworth,58905,0.51,ykingsworthhn@tripod.com
637,Oran,Halburton,26703,0.93,ohalburtonho@dion.ne.jp
638,Tilda,McGuffie,51488,0.09,tmcguffiehp@house.gov
639,Andy,Spinetti,6675,0.2,aspinettihq@weebly.com
640,Joycelin,Lydiate,68780,0.72,jlydiatehr@shinystat.com
641,Ag,Feares,57679,0.01,afeareshs@ameblo.jp
642,Emlen,Wickman,35390,0.91,ewickmanht@paypal.com
643,Bogey,Mc Carroll,74550,0.89,bmccarrollhu@amazon.com
644,Gwendolen,Twitty,57799,0.9,gtwittyhv@vk.com
645,Maggy,Cometti,28932,0.7,mcomettihw@vinaora.com
646,Marlowe,Cartman,43374,0.47,mcartmanhx@a8.net
647,Harley,Doogan,3999,0.52,hdooganhy@amazon.co.jp
648,Bonnibelle,Edensor,69722,0.41,bedensorhz@scientificamerican.com
649,Marybelle,Enever,26413,0.58,meneveri0@ning.com
650,Paula,Arunowicz,46471,0.47,parunowiczi1@topsy.com
651,Marne,Aizikov,60717,0.13,maizikovi2@mlb.com
652,Jean,MacCoughen,5028,0.33,jmaccougheni3@sun.com
653,Carin,Malam,29509,0.05,cmalami4@mayoclinic.com
654,Opaline,Sibson,50076,1.0,osibsoni5@examiner.com
655,Jemmy,Brand-Hardy,16930,0.65,jbrandhardyi6@ehow.com
656,Freemon,Tynnan,60396,0.85,ftynnani7@reverbnation.com
657,Dimitri,McClune,33960,0.26,dmcclunei8@weather.com
658,Hally,Sawkins,23297,0.6,hsawkinsi9@themeforest.net
659,Nyssa,Danielut,81490,0.89,ndanielutia@globo.com
660,Willem,Almak,94239,0.93,walmakib@vistaprint.com
661,Patsy,Sporgeon,88794,0.24,psporgeonic@printfriendly.com
662,Sibylla,Aspinal,4689,0.91,saspinalid@slideshare.net
663,Christoper,Urien,16570,0.72,curienie@1und1.de
664,Franny,Shilburne,562,0.57,fshilburneif@microsoft.com
665,Stephine,Housam,87972,0.49,shousamig@harvard.edu
666,Nettie,Sellan,1384,0.75,nsellanih@cnbc.com
667,Thibaut,Pren,61328,0.78,tprenii@github.com
668,Galina,Pitsall,26081,0.47,gpitsallij@ed.gov
669,Hamlen,Furzer,39627,0.58,hfurzerik@hugedomains.com
670,Thorn,De Ruel,47517,0.66,tderuelil@angelfire.com
671,Corny,Ilden,78930,0.24,cildenim@hubpages.com
672,Izabel,Kemell,11216,0.61,ikemellin@flickr.com
673,Waly,Chipperfield,84872,0.04,wchipperfieldio@de.vu
674,Nadeen,Vaan,15185,0.02,nvaanip@flavors.me
675,Marita,Alekseev,1001,0.32,malekseeviq@cdbaby.com
676,Ellen,Banthorpe,58412,0.31,ebanthorpeir@irs.gov
677,Cherice,Toffoletto,84555,0.62,ctoffolettois@tumblr.com
678,Chelsie,Todarini,96115,0.3,ctodariniit@ycombinator.com
679,Devora,Womack,28310,0.6,dwomackiu@flavors.me
680,Nathaniel,Spall,74758,0.24,nspalliv@shareasale.com
681,Jandy,Lie,83817,0.31,jlieiw@zimbio.com
682,Sabrina,Edinboro,14423,0.4,sedinboroix@squidoo.com
683,Euphemia,Scholz,73324,0.21,escholziy@miibeian.gov.cn
684,Addie,O'Cridigan,52849,0.07,aocridiganiz@csmonitor.com
685,Lanny,Rollins,51891,0.71,lrollinsj0@wsj.com
686,Homere,Catterick,49434,0.44,hcatterickj1@youtu.be
687,Grata,Wasylkiewicz,14874,0.85,gwasylkiewiczj2@sciencedaily.com
688,Joleen,Littleover,56373,0.78,jlittleoverj3@foxnews.com
689,Artur,Nielson,71373,0.96,anielsonj4@yellowpages.com
690,Arvie,Matityahu,85316,0.64,amatityahuj5@dailymail.co.uk
691,Loren,Skett,57827,0.04,lskettj6@goodreads.com
692,Even,Dewer,46893,0.06,edewerj7@trellian.com
693,Neda,Tilson,19338,0.98,ntilsonj8@mtv.com
694,Rhianna,Strainge,80492,0.04,rstraingej9@ihg.com
695,Antonin,Toffano,73905,0.1,atoffanoja@wikia.com
696,Stavros,Melpuss,48691,0.21,smelpussjb@opera.com
697,Sutherland,Coulman,31366,0.22,scoulmanjc@mit.edu
698,Eran,Agglione,57397,0.44,eagglionejd@sogou.com
699,Mannie,Olivello,51235,0.7,molivelloje@cbc.ca
700,Lavina,Hutchings,92244,0.9,lhutchingsjf@sbwire.com
701,Levey,Lowey,60111,0.44,lloweyjg@is.gd
702,Granger,Greatrakes,96474,0.27,ggreatrakesjh@latimes.com
703,Cody,Camidge,80354,0.12,ccamidgeji@google.co.jp
704,Lacy,Shackell,27995,0.35,lshackelljj@state.tx.us
705,Odele,Laurent,45764,0.68,olaurentjk@ycombinator.com
706,Iormina,Jenton,95259,0.03,ijentonjl@cafepress.com
707,Edouard,Mazella,86538,0.11,emazellajm@deviantart.com
708,Garnet,Diviny,5133,0.87,gdivinyjn@lulu.com
709,Zebadiah,Marsden,19076,0.48,zmarsdenjo@ovh.net
710,Brand,Ingarfield,74504,0.35,bingarfieldjp@imageshack.us
711,Alaine,Stuehmeyer,47058,0.54,astuehmeyerjq@si.edu
712,Erin,Edworthy,33494,0.73,eedworthyjr@newyorker.com
713,Fania,Kinnen,2009,0.7,fkinnenjs@ask.com
714,Bradley,Seery,12512,0.57,bseeryjt@uiuc.edu
715,Nanette,Pesticcio,81753,0.32,npesticcioju@marriott.com
716,Giusto,Weakley,80178,0.08,gweakleyjv@wikia.com
717,Oralee,Riceards,59161,0.98,oriceardsjw@topsy.com
718,Sheena,Michal,91546,0.45,smichaljx@wired.com
719,Melesa,Ginley,53962,0.87,mginleyjy@narod.ru
720,Henrietta,Cossum,96447,0.53,hcossumjz@yellowbook.com
721,Rustin,Bisgrove,54377,0.06,rbisgrovek0@alibaba.com
722,Neda,Cumbers,94995,0.34,ncumbersk1@bloglines.com
723,Loraine,Vanne,91121,0.53,lvannek2@army.mil
724,Frazer,McLucas,19464,0.37,fmclucask3@home.pl
725,Way,Ferrillio,65708,0.05,wferrilliok4@nature.com
726,Mirna,Gusney,56112,0.5,mgusneyk5@twitter.com
727,Richy,Powdrell,12944,0.92,rpowdrellk6@globo.com
728,Emilee,Bulled,17420,0.43,ebulledk7@google.co.jp
729,Egan,Dunkerton,10346,0.45,edunkertonk8@canalblog.com
730,Lou,Ableson,28165,0.15,lablesonk9@statcounter.com
731,Ettie,Massen,76730,0.77,emassenka@google.ca
732,Barnard,Epinay,88480,0.2,bepinaykb@mashable.com
733,Herminia,Strangeway,19237,0.32,hstrangewaykc@youku.com
734,Grace,Imms,33330,0.71,gimmskd@oracle.com
735,Forrester,Kenworthey,73529,0.18,fkenwortheyke@ameblo.jp
736,Emmott,Hugonneau,30718,0.84,ehugonneaukf@weibo.com
737,Brigit,Norman,63177,0.09,bnormankg@ask.com
738,Halli,Rakestraw,40260,0.4,hrakestrawkh@myspace.com
739,Seamus,McKoy,65410,0.19,smckoyki@netscape.com
740,Hilary,Sharram,83046,0.68,hsharramkj@mtv.com
741,Cynthie,Anfossi,64380,0.49,canfossikk@soup.io
742,Bidget,Lichtfoth,96221,0.39,blichtfothkl@si.edu
743,Eula,Byers,1562,0.72,ebyerskm@google.co.jp
744,Kate,Peterkin,51301,0.6,kpeterkinkn@ucoz.ru
745,Jesse,Wynes,95331,0.57,jwynesko@weebly.com
746,Joellyn,Greensitt,65066,0.45,jgreensittkp@youku.com
747,Madelaine,Tawton,40590,0.83,mtawtonkq@tuttocitta.it
748,Fleur,Maggiori,94029,0.47,fmaggiorikr@purevolume.com
749,Ingamar,Crighten,13877,0.51,icrightenks@redcross.org
750,Arvie,Maton,65108,0.64,amatonkt@storify.com
751,Conn,Terzo,29017,0.41,cterzoku@umn.edu
752,Fredelia,Agerskow,95705,0.22,fagerskowkv@usnews.com
753,Heath,Prayer,91258,0.94,hprayerkw@woothemes.com
754,Kinna,Carse,28962,0.15,kcarsekx@ovh.net
755,Tuckie,Downton,24533,0.08,tdowntonky@google.co.uk
756,Barrie,Cleary,23011,0.16,bclearykz@over-blog.com
757,Pat,Batstone,2849,0.35,pbatstonel0@webs.com
758,Tawsha,Alabastar,24774,0.73,talabastarl1@dot.gov
759,Mirabella,Pennetti,71548,0.29,mpennettil2@angelfire.com
760,Myrtice,Patley,63562,0.97,mpatleyl3@tmall.com
761,Ebonee,Guys,28966,0.7,eguysl4@bloglines.com
762,Lalo,McLeary,36033,0.48,lmclearyl5@wix.com
763,Kiele,Snodden,20026,0.04,ksnoddenl6@toplist.cz
764,Silvanus,Capener,40447,0.87,scapenerl7@fema.gov
765,Hervey,Mcwhinney,45290,0.25,hmcwhinneyl8@prweb.com
766,Thekla,Tivolier,60959,0.27,ttivolierl9@timesonline.co.uk
767,Delmore,Greville,68347,0.47,dgrevillela@1688.com
768,Neill,Zorer,4011,0.38,nzorerlb@stanford.edu
769,Sigismundo,Wilmore,38418,0.52,swilmorelc@nsw.gov.au
770,Laney,Sibbs,26276,0.77,lsibbsld@tinypic.com
771,Skipton,Coolson,86392,0.28,scoolsonle@miitbeian.gov.cn
772,Sheila-kathryn,Sasser,89696,0.66,ssasserlf@patch.com
773,Trever,Brandsma,44701,0.39,tbrandsmalg@uiuc.edu
774,Trevor,Bridgestock,4454,0.21,tbridgestocklh@opera.com
775,Gare,Gonzalo,27530,0.66,ggonzaloli@ebay.co.uk
776,Allard,Ciubutaro,93189,0.84,aciubutarolj@microsoft.com
777,Clio,Hubbuck,17639,0.85,chubbucklk@ucsd.edu
778,Sam,Kilian,58240,0.4,skilianll@theguardian.com
779,Rufus,Ellins,56356,0.11,rellinslm@istockphoto.com
780,Jim,Schimek,27588,0.07,jschimekln@abc.net.au
781,Kamillah,Thurgood,26504,0.39,kthurgoodlo@addtoany.com
782,Hadleigh,Tingley,61551,0.73,htingleylp@blinklist.com
783,Hillary,Jeves,10269,0.99,hjeveslq@gravatar.com
784,Simonne,Godsil,5061,0.16,sgodsillr@gov.uk
785,Ivett,Maffia,17478,0.74,imaffials@walmart.com
786,Jone,Derr,39840,0.36,jderrlt@amazonaws.com
787,Trent,Cheshire,18103,0.75,tcheshirelu@slate.com
788,Phillip,Jaram,95692,0.17,pjaramlv@symantec.com
789,Odelia,Dollin,57400,0.64,odollinlw@wix.com
790,Case,Harrowing,77594,0.11,charrowinglx@globo.com
791,Herby,Evershed,37719,0.05,hevershedly@adobe.com
792,Edwina,Boxhall,65709,0.68,eboxhalllz@yahoo.co.jp
793,Ruth,MacAlpin,75767,0.48,rmacalpinm0@themeforest.net
794,Ludovika,Gregon,25870,0.99,lgregonm1@skyrock.com
795,Vinny,Cooley,49568,0.68,vcooleym2@timesonline.co.uk
796,Elladine,Fosbraey,65502,0.09,efosbraeym3@independent.co.uk
797,Lazar,Hayle,63397,0.79,lhaylem4@stumbleupon.com
798,Harli,Croxon,11144,0.13,hcroxonm5@dot.gov
799,Tuesday,Broadbent,32201,0.02,tbroadbentm6@netlog.com
800,Toni,Janusz,56600,0.74,tjanuszm7@over-blog.com
801,Clemens,Hugnet,58392,0.17,chugnetm8@creativecommons.org
802,Nichols,Kebbell,73770,0.1,nkebbellm9@scribd.com
803,Lillian,Lafuente,13467,0.87,llafuentema@webeden.co.uk
804,Luci,Gianotti,890,0.96,lgianottimb@google.ca
805,Bebe,Cockett,99409,0.71,bcockettmc@oaic.gov.au
806,Vernice,Harriot,57948,0.17,vharriotmd@simplemachines.org
807,Gillie,Vedenyapin,26674,0.8,gvedenyapinme@forbes.com
808,Shurwood,Ballay,73680,0.96,sballaymf@goo.ne.jp
809,Allyson,Tombs,33517,0.59,atombsmg@shinystat.com
810,Aldon,Cescotti,73427,1.0,acescottimh@artisteer.com
811,Rosaleen,Whittle,42330,0.7,rwhittlemi@washington.edu
812,Rolfe,Biddlecombe,64606,0.79,rbiddlecombemj@blog.com
813,Dunn,Mathewes,46760,0.91,dmathewesmk@nba.com
814,Melesa,Bonhill,71192,0.2,mbonhillml@delicious.com
815,Carol-jean,Seymer,9203,0.28,cseymermm@opera.com
816,Annissa,Feeley,20553,0.77,afeeleymn@nsw.gov.au
817,Elicia,Rudland,8792,0.9,erudlandmo@webnode.com
818,Annissa,Dungey,11321,0.56,adungeymp@springer.com
819,Selby,Hambly,49854,0.43,shamblymq@ezinearticles.com
820,Mandel,Elder,17733,0.42,meldermr@google.it
821,Keane,Leborgne,17581,0.8,kleborgnems@webmd.com
822,Petunia,Rollins,21148,0.18,prollinsmt@woothemes.com
823,Benyamin,Gruszecki,29806,0.5,bgruszeckimu@elegantthemes.com
824,Bridget,Girling,31227,0.15,bgirlingmv@unicef.org
825,Sisile,Howroyd,43454,0.13,showroydmw@scribd.com
826,Spenser,Hemmingway,4712,0.31,shemmingwaymx@europa.eu
827,Livy,Jerrom,39710,0.1,ljerrommy@adobe.com
828,Ronica,Askew,62233,0.6,raskewmz@linkedin.com
829,Averil,Stratford,62185,0.24,astratfordn0@cloudflare.com
830,Kerby,Hambric,99803,0.44,khambricn1@addthis.com
831,Lianna,Sill,14943,0.22,lsilln2@pbs.org
832,Karim,Oley,37051,0.99,koleyn3@mlb.com
833,Mill,Rowlands,60099,0.31,mrowlandsn4@disqus.com
834,Jaynell,Weddeburn - Scrimgeour,65741,0.87,jweddeburnscrimgeourn5@princeton.edu
835,Catherine,Adran,92639,0.74,cadrann6@gov.uk
836,Gordon,Whight,74143,0.87,gwhightn7@bbc.co.uk
837,Erhart,Esome,89640,0.3,eesomen8@psu.edu
838,Linnet,Yablsley,89671,0.7,lyablsleyn9@people.com.cn
839,Chicky,Tharme,41115,0.64,ctharmena@census.gov
840,Nelle,Thonger,23207,0.24,nthongernb@abc.net.au
841,Waldon,Braunle,70891,0.56,wbraunlenc@smugmug.com
842,Cami,Marran,75439,0.18,cmarrannd@vkontakte.ru
843,Marleen,Stouther,86323,0.02,mstoutherne@oracle.com
844,Wallie,Surplice,46839,0.2,wsurplicenf@mtv.com
845,Nicol,Soane,39,0.87,nsoaneng@elegantthemes.com
846,Britt,Rennicks,59379,0.14,brennicksnh@census.gov
847,Benni,Moles,31868,0.68,bmolesni@microsoft.com
848,Loree,Ahrend,28821,0.49,lahrendnj@si.edu
849,Gabrila,Trineman,12553,0.7,gtrinemannk@psu.edu
850,Mala,McCluney,13594,0.19,mmccluneynl@youtu.be
851,Emogene,Capron,56419,0.37,ecapronnm@1und1.de
852,Katheryn,Gasgarth,61365,0.97,kgasgarthnn@technorati.com
853,Adrian,Giordano,52873,0.29,agiordanono@oracle.com
854,Wayland,Redparth,76231,0.26,wredparthnp@nydailynews.com
855,Rodge,Huddle,68096,0.26,rhuddlenq@stanford.edu
856,Jorgan,Di Roberto,72268,0.73,jdirobertonr@behance.net
857,Ciel,Wretham,75618,0.32,cwrethamns@ovh.net
858,Terri,Orme,62327,0.35,torment@cam.ac.uk
859,Thomasina,Epton,82647,0.57,teptonnu@hexun.com
860,Deanna,Swayte,61753,0.75,dswaytenv@smh.com.au
861,Richmond,Haberjam,77255,0.6,rhaberjamnw@quantcast.com
862,Wilek,Laible,33428,0.35,wlaiblenx@shop-pro.jp
863,Nannie,Malthouse,16500,0.79,nmalthouseny@blogtalkradio.com
864,Mariel,Bussy,49766,0.98,mbussynz@fema.gov
865,Brittne,Kirwin,14451,0.1,bkirwino0@yolasite.com
866,Sandy,Romaine,95565,0.45,sromaineo1@zdnet.com
867,Clementia,Hekkert,32647,0.51,chekkerto2@qq.com
868,Renell,Klouz,64526,1.0,rklouzo3@lulu.com
869,Saidee,Linnemann,54833,0.69,slinnemanno4@1und1.de
870,Rebeka,Polycote,646,0.65,rpolycoteo5@t.co
871,Yanaton,Rubinshtein,36423,0.15,yrubinshteino6@mayoclinic.com
872,Garret,Ratnege,50882,0.55,gratnegeo7@netscape.com
873,Arabela,Trathan,28233,0.43,atrathano8@spotify.com
874,Paola,Telezhkin,8555,0.19,ptelezhkino9@msu.edu
875,Filippa,Pellamonuten,89768,0.22,fpellamonutenoa@ihg.com
876,Anabel,Dalrymple,36506,0.64,adalrympleob@networksolutions.com
877,Bail,Brugger,64050,0.59,bbruggeroc@tinypic.com
878,Diego,Remer,3395,0.03,dremerod@nationalgeographic.com
879,Edsel,O'Curneen,86307,0.36,eocurneenoe@imageshack.us
880,Cortney,Orrin,89028,0.05,corrinof@mapquest.com
881,Maurene,Heustace,66886,0.26,mheustaceog@ca.gov
882,Bridie,Copestick,5088,0.51,bcopestickoh@tumblr.com
883,Daniela,Derdes,50130,0.94,dderdesoi@shutterfly.com
884,Trista,Mattes,82223,0.49,tmattesoj@cnet.com
885,Blondelle,Baine,18065,0.44,bbaineok@wired.com
886,Di,Forgie,97893,0.16,dforgieol@telegraph.co.uk
887,Willyt,Clemmensen,48802,0.71,wclemmensenom@storify.com
888,Boniface,Lavigne,43256,0.94,blavigneon@alexa.com
889,Ethe,Lomansey,21968,0.29,elomanseyoo@ucla.edu
890,Klemens,Fairham,16587,0.05,kfairhamop@g.co
891,Cthrine,Bridewell,33634,0.46,cbridewelloq@feedburner.com
892,Con,Botler,71323,0.26,cbotleror@ed.gov
893,Chaim,MacAdam,96526,0.11,cmacadamos@networkadvertising.org
894,Lyndy,Aiston,67651,0.26,laistonot@psu.edu
895,Kriste,Callacher,55119,0.26,kcallacherou@nyu.edu
896,Aundrea,Ledson,88496,0.92,aledsonov@uiuc.edu
897,Alexei,Woakes,76362,0.96,awoakesow@youku.com
898,Rafaello,Buckney,10061,0.7,rbuckneyox@senate.gov
899,Augustin,Slay,46970,0.34,aslayoy@home.pl
900,Gillie,Darker,46637,0.02,gdarkeroz@infoseek.co.jp
901,Mirna,Fairlem,88833,0.7,mfairlemp0@ezinearticles.com
902,Federica,Baldwin,11818,0.69,fbaldwinp1@live.com
903,Reynard,Lotterington,82281,0.86,rlotteringtonp2@comsenz.com
904,Ulrica,Ambrogelli,28630,0.34,uambrogellip3@economist.com
905,Sasha,Bushaway,67485,0.65,sbushawayp4@ycombinator.com
906,Ellie,Todari,92166,0.28,etodarip5@cloudflare.com
907,Cyndy,Garter,79141,0.6,cgarterp6@ning.com
908,Allard,Gurry,75936,0.76,agurryp7@livejournal.com
909,Garnette,Saltmarsh,72549,0.18,gsaltmarshp8@sourceforge.net
910,Clarice,Ledrane,58805,0.59,cledranep9@barnesandnoble.com
911,Sydney,Guiduzzi,7755,0.52,sguiduzzipa@loc.gov
912,Brendon,Kingcott,18584,0.35,bkingcottpb@marketwatch.com
913,Mandie,Beard,68565,0.89,mbeardpc@mail.ru
914,Maureen,Vinas,31160,0.04,mvinaspd@amazon.com
915,Gannon,Djordjevic,16717,0.05,gdjordjevicpe@disqus.com
916,Hedvige,Ranyell,67034,0.38,hranyellpf@edublogs.org
917,Gilles,Stonner,10015,0.58,gstonnerpg@discuz.net
918,Lianne,Belchem,22167,0.34,lbelchemph@last.fm
919,Torrance,Arnull,25763,0.9,tarnullpi@gizmodo.com
920,Win,Dodshon,80155,0.5,wdodshonpj@istockphoto.com
921,Jedidiah,Shelp,4012,0.95,jshelppk@multiply.com
922,Zenia,Ughini,60059,0.3,zughinipl@mlb.com
923,Luigi,Staunton,62917,0.74,lstauntonpm@paypal.com
924,Corty,Ronchetti,4357,0.24,cronchettipn@tinyurl.com
925,Susana,Waker,18372,0.97,swakerpo@google.ca
926,Lilly,Preto,60643,0.73,lpretopp@sbwire.com
927,Flory,Jamieson,61189,0.04,fjamiesonpq@cdc.gov
928,Balduin,Schrir,75601,0.22,bschrirpr@imgur.com
929,Sarine,Sarch,56952,0.27,ssarchps@virginia.edu
930,Dannye,Goodfellowe,96058,0.21,dgoodfellowept@homestead.com
931,Kris,Bondy,14112,0.11,kbondypu@alibaba.com
932,Evangelin,Stile,59792,0.29,estilepv@goodreads.com
933,Rosalynd,Bainbridge,91316,0.6,rbainbridgepw@qq.com
934,Cordell,Novichenko,10536,0.17,cnovichenkopx@macromedia.com
935,Bartel,Duerden,67780,0.79,bduerdenpy@theatlantic.com
936,Starr,Kupis,24997,0.05,skupispz@homestead.com
937,Carmine,Terlinden,41272,0.4,cterlindenq0@feedburner.com
938,Abner,Goldup,95692,0.89,agoldupq1@disqus.com
939,Stacie,Storrier,85127,0.81,sstorrierq2@msu.edu
940,Stoddard,Jamson,60905,0.96,sjamsonq3@qq.com
941,Wood,Yurkevich,86831,0.36,wyurkevichq4@mediafire.com
942,Byran,Shoobridge,26752,0.53,bshoobridgeq5@flickr.com
943,Jermaine,Knappe,25501,0.16,jknappeq6@cbsnews.com
944,Kirby,Coil,78454,0.2,kcoilq7@gov.uk
945,Dorisa,Hollows,53187,0.06,dhollowsq8@pagesperso-orange.fr
946,Balduin,Ginnally,76171,0.45,bginnallyq9@economist.com
947,Kermy,Clowley,29707,0.53,kclowleyqa@webnode.com
948,Bryn,Queste,7573,0.58,bquesteqb@cocolog-nifty.com
949,Terencio,Vasiljevic,15476,0.94,tvasiljevicqc@blinklist.com
950,Avril,Dewfall,72845,0.68,adewfallqd@t-online.de
951,Raeann,Watson,2921,0.7,rwatsonqe@biblegateway.com
952,Romonda,Eastman,2549,0.14,reastmanqf@pen.io
953,Conway,Kupisz,60753,0.16,ckupiszqg@ebay.com
954,Tobiah,Attle,50558,0.29,tattleqh@gmpg.org
955,Teador,Blanchet,61207,0.23,tblanchetqi@blogtalkradio.com
956,Nanice,Licciardello,67261,0.13,nlicciardelloqj@sciencedaily.com
957,Shanna,Mingus,77197,0.43,smingusqk@samsung.com
958,Wesley,Jeanel,55181,0.58,wjeanelql@surveymonkey.com
959,Stevena,Gheorghe,17946,0.93,sgheorgheqm@nbcnews.com
960,Winfred,Everist,70466,0.18,weveristqn@blogs.com
961,Geordie,Scripture,59777,0.28,gscriptureqo@pagesperso-orange.fr
962,Dimitry,Bremmer,21958,0.17,dbremmerqp@samsung.com
963,Hildagard,Chawner,71381,0.63,hchawnerqq@economist.com
964,Rois,Spreag,84927,0.86,rspreagqr@51.la
965,Norry,Groarty,64933,0.59,ngroartyqs@sina.com.cn
966,Lynnette,Yegorshin,70680,0.82,lyegorshinqt@google.es
967,Steffie,Cocke,7322,0.17,scockequ@live.com
968,Heidie,Lockton,44148,0.49,hlocktonqv@smugmug.com
969,Elmer,Meekin,1131,0.46,emeekinqw@cpanel.net
970,Sabina,Breese,45094,0.72,sbreeseqx@shop-pro.jp
971,Jo-ann,Parks,9357,0.55,jparksqy@hp.com
972,Meriel,Karpe,24078,0.55,mkarpeqz@loc.gov
973,Davie,Sancias,16416,0.15,dsanciasr0@live.com
974,Daria,Fulep,90265,0.01,dfulepr1@homestead.com
975,Stefanie,Vokes,2906,0.19,svokesr2@people.com.cn
976,Lainey,Walding,13171,0.22,lwaldingr3@pcworld.com
977,Niki,Orsay,16597,0.86,norsayr4@wisc.edu
978,Cindi,Mapplebeck,45316,0.66,cmapplebeckr5@japanpost.jp
979,Ruben,Mussalli,50076,0.61,rmussallir6@google.de
980,Bryana,Enderson,32042,0.95,bendersonr7@howstuffworks.com
981,Byran,Whaley,19745,0.99,bwhaleyr8@bloglines.com
982,Reba,Scherer,11,0.17,rschererr9@pbs.org
983,Richart,Kinzett,79203,0.29,rkinzettra@buzzfeed.com
984,Ferrel,Goodlad,971,0.48,fgoodladrb@imageshack.us
985,Stephan,Harness,3350,0.44,sharnessrc@marriott.com
986,Shauna,St. Aubyn,21232,0.61,sstaubynrd@oakley.com
987,Cissy,Millam,99061,0.28,cmillamre@creativecommons.org
988,Nefen,Gannon,41387,0.13,ngannonrf@ocn.ne.jp
989,Evangelin,Usher,87763,0.23,eusherrg@mashable.com
990,Ashly,Bosenworth,5869,0.11,abosenworthrh@freewebs.com
991,Kerry,Peat,94349,0.06,kpeatri@cnbc.com
992,Ced,Evequot,33085,0.14,cevequotrj@opera.com
993,Cindy,Gallahar,54390,0.24,cgallaharrk@sohu.com
994,Celisse,Tatterton,48268,0.61,ctattertonrl@dropbox.com
995,Rogers,Payler,59583,0.14,rpaylerrm@noaa.gov
996,Lizzy,Scaplehorn,63954,0.74,lscaplehornrn@sbwire.com
997,Mendy,Weymouth,7895,0.71,mweymouthro@nationalgeographic.com
998,Kipp,Merigot,84799,0.46,kmerigotrp@squarespace.com
999,Jenica,Lerego,57772,0.81,jleregorq@ihg.com
1000,Peggi,Pilbury,75108,0.71,ppilburyrr@forbes.com
